customer_id,customer_name,total_purchase
93094,Customer_93094,122887.1
64560,Customer_64560,116660.08000000002
23289,Customer_23289,109359.41999999998
61218,Customer_61218,107647.11000000003
40442,Customer_40442,104905.09000000001
52275,Customer_52275,103149.83000000003
52034,Customer_52034,102637.66999999998
45631,Customer_45631,102636.03
84830,Customer_84830,102471.69999999998
82593,Customer_82593,101936.83999999997
