month,total_sales
1,3.066959546199998E8
2,2.8649646089000046E8
3,3.0581029857000077E8
4,2.9519848865999794E8
5,3.0664839576999354E8
6,2.977815152800023E8
7,3.059577807799989E8
8,3.041606552800022E8
9,2.973250701699957E8
10,3.04292737079999E8
11,2.989098060799999E8
12,3.053784542299984E8
