category,return_percentage
Beauty,10.03235419129619
Books,10.02350814590036
Clothing,9.97645033874562
Electronics,10.00267670980709
Home & Kitchen,10.00336379177668
Sports,10.02092306532332
Toys,10.07903944537636
